ImageId,ClassId
f4818a932.jpg,0
51905a4bc.jpg,0
5c5a0ce34.jpg,0
96c46e1c9.jpg,0
f8952d06e.jpg,0
62c3df080.jpg,0
70da511d4.jpg,0
3ca2ba71b.jpg,0
88e6e44c1.jpg,0
402e76b04.jpg,0
3fa9e021e.jpg,0
f836658ad.jpg,0
3b041fff2.jpg,0
b49abc34a.jpg,0
2731f7830.jpg,0
92079664c.jpg,0
c8642ccd0.jpg,0
60c48f53e.jpg,0
8a06952d6.jpg,0
54c0e2d84.jpg,0
5a9086b81.jpg,0
303613d84.jpg,0
576910e29.jpg,0
698cfb297.jpg,0
af17634f8.jpg,0
18b1bb78a.jpg,0
dde1f8ad2.jpg,0
70dee672d.jpg,0
f5f37f99a.jpg,0
1cd446dc7.jpg,0
ae8e00590.jpg,0
c6ef2006c.jpg,0
348bfe68e.jpg,0
924bccdc1.jpg,0
270f400fc.jpg,0
27c8a46af.jpg,0
478dc217a.jpg,0
5f925b62b.jpg,0
955965785.jpg,0
99a941366.jpg,0
4256aeb7b.jpg,0
b30d2f225.jpg,0
91dcc7d1c.jpg,0
c1601bb3b.jpg,0
fabd4faef.jpg,0
ce9c575ae.jpg,0
d43062a18.jpg,0
b5931c369.jpg,0
2a0876a27.jpg,0
4de08bdef.jpg,0
633e82d81.jpg,0
cc00b69e7.jpg,0
c4dc92ef9.jpg,0
262dd5083.jpg,0
a3c64cf6e.jpg,0
4f065758e.jpg,0
95f725037.jpg,0
d66219b6a.jpg,0
9082e5906.jpg,0
4a3349094.jpg,0
82bffd9d3.jpg,0
0cd8bbae8.jpg,0
746b3a357.jpg,0
f1396bc02.jpg,0
dca8e6597.jpg,0
1f384e1f4.jpg,0
f33f47596.jpg,0
692c9f467.jpg,0
1e95fc3d7.jpg,0
ac2b13f3f.jpg,0
ec72d1ebd.jpg,0
b1ba60ced.jpg,0
7da0c4484.jpg,0
cb3ba3c45.jpg,0
d706e7f5e.jpg,0
5619b0771.jpg,0
3c2544a04.jpg,0
5831b5e6b.jpg,0
e9f18d64d.jpg,0
64a9ec83c.jpg,0
a1503af41.jpg,0
105c65107.jpg,0
4191fffd2.jpg,0
552b86fba.jpg,0
006a4402e.jpg,0
e4acd9063.jpg,0
bd8860de4.jpg,0
63a3aaaa4.jpg,0
cb933c3e8.jpg,0
4ee039478.jpg,0
b5f7a1627.jpg,0
78c3a77c2.jpg,0
74a2fb18c.jpg,0
ccd5a9004.jpg,0
1da1345fc.jpg,0
16ec8f55a.jpg,0
99f9d2375.jpg,0
a705b49f9.jpg,0
9a7b427b4.jpg,0
6d7b400d0.jpg,0
17d084dae.jpg,0
0bac0ef65.jpg,0
aa29aae31.jpg,0
159a7dfba.jpg,0
2c66fb097.jpg,0
662e5a5ee.jpg,0
1621488c7.jpg,0
6ac05a8e4.jpg,0
57258d636.jpg,0
8e0334d54.jpg,0
61b5984bb.jpg,0
1ad5eabbc.jpg,0
8eec15551.jpg,0
7675aa321.jpg,0
0dc52baf6.jpg,0
a753532d6.jpg,0
2930b4f52.jpg,0
6d5bc38ae.jpg,0
33cba45f1.jpg,0
f1becb8a5.jpg,0
20180fd12.jpg,0
44a97f8a0.jpg,0
e998b2a8c.jpg,0
a1456c075.jpg,0
7ec438623.jpg,0
6003f62fa.jpg,0
d808c5310.jpg,0
20bb368f8.jpg,0
009b12ccc.jpg,0
2a91edbe9.jpg,0
164df9af8.jpg,0
ebd992f54.jpg,0
72ec73360.jpg,0
1863eb011.jpg,0
d4ff02f24.jpg,0
d47e33408.jpg,0
1a17a1f15.jpg,0
2915687ca.jpg,0
a4d9a97f6.jpg,0
2729ddc56.jpg,0
26c4b5697.jpg,0
4cb4d7b60.jpg,0
08d9cdf3b.jpg,0
7d5e8edf0.jpg,0
f50ff910b.jpg,0
1395f831c.jpg,0
ac6367260.jpg,0
0e09ff3bd.jpg,0
af3bec1f0.jpg,0
ccd8a89ee.jpg,0
0a728f2a5.jpg,0
248585a26.jpg,0
79b696401.jpg,0
bc4f8527a.jpg,0
b56b55a7e.jpg,0
fb2c208eb.jpg,0
b9def70a3.jpg,0
3329a8a7a.jpg,0
be9bac1d9.jpg,0
f7a5fc620.jpg,0
e495d5456.jpg,0
fb8a8c8be.jpg,0
39b187684.jpg,0
dd3306311.jpg,0
bfe627357.jpg,0
00c6060db.jpg,0
41f5ea1f2.jpg,0
81314abfb.jpg,0
496656148.jpg,0
8c80c8059.jpg,0
687cd2813.jpg,0
21d2b3168.jpg,0
7af586734.jpg,0
5b9b3c297.jpg,0
9a762b892.jpg,0
4e4c4d040.jpg,0
e2cc5ba4f.jpg,0
918a753e9.jpg,0
ccef0f068.jpg,0
ff882d69e.jpg,0
a3fee6deb.jpg,0
a8eed9902.jpg,0
d1267facd.jpg,0
d7bd3c79c.jpg,0
29c39b183.jpg,0
6af49356c.jpg,0
8527d0b55.jpg,0
e0a29a9da.jpg,0
a63f10d77.jpg,0
6092ccb86.jpg,0
d8fe48b12.jpg,0
223e550cc.jpg,0
b4c2a01b6.jpg,0
ea7a4f8ca.jpg,0
99852bd26.jpg,0
a8312b3b0.jpg,1
873fbc272.jpg,1
e667de6f9.jpg,1
57e6b1bcd.jpg,1
d8255f13a.jpg,1
2c113de25.jpg,1
b925ef3b7.jpg,1
49aba8b85.jpg,1
d70e75dca.jpg,1
fb0434dea.jpg,1
5c3e81694.jpg,1
c0e34b64b.jpg,1
f7c4aaaad.jpg,1
76bbd78b2.jpg,1
69205724f.jpg,1
86cbb2d1f.jpg,1
d38a0784b.jpg,1
7f577c471.jpg,1
2122b99c0.jpg,1
b2ec9ed47.jpg,1
b9fa8b135.jpg,1
b9b5cb6f5.jpg,1
4b5490a9f.jpg,1
d0befd683.jpg,1
8f85d6fd4.jpg,1
a559091c5.jpg,1
d048a5a71.jpg,1
66c272e62.jpg,1
37d48f05d.jpg,1
1308a608d.jpg,1
d59b4476a.jpg,1
5fd74daee.jpg,1
a67df9196.jpg,1
ea8e93bb5.jpg,1
87c733c21.jpg,1
5ad654fc4.jpg,1
7046618f6.jpg,1
af61c6bf8.jpg,1
d0cf465a8.jpg,1
5f34a730b.jpg,1
3fdc95c42.jpg,1
66e89afaa.jpg,1
06a01c775.jpg,1
9147356db.jpg,1
c392baa9e.jpg,1
21bf9d854.jpg,1
3325e2266.jpg,1
516b72597.jpg,1
08808b1a2.jpg,1
679f4601f.jpg,1
741265573.jpg,1
8c75dcd4a.jpg,1
7b79706b6.jpg,1
7c3930f4d.jpg,1
22123f29f.jpg,1
d5ff65cd6.jpg,1
6b173c7cd.jpg,1
1eb697fe5.jpg,1
010db68d1.jpg,1
2cfa7ea6f.jpg,1
e941885fb.jpg,1
3a96940c6.jpg,1
7bb25cc94.jpg,1
d5e8af85b.jpg,1
bc73f75a5.jpg,1
3ace653be.jpg,1
525d0e51e.jpg,1
94da85f76.jpg,1
7202e52d8.jpg,1
36e512a45.jpg,1
76096b17b.jpg,1
66e43edf6.jpg,1
1a70268d4.jpg,1
416def597.jpg,1
f33e7a4b3.jpg,1
6e4a7cca6.jpg,1
57794735f.jpg,1
380c01646.jpg,1
a63669b29.jpg,1
1017c52e8.jpg,1
4c101a491.jpg,1
e401b6539.jpg,1
b66e31dfb.jpg,1
ef5c1b08e.jpg,1
5994c3b58.jpg,1
a886bfcfc.jpg,1
3f36e2d85.jpg,1
c22accc84.jpg,1
17f01b94d.jpg,1
47d3379c1.jpg,1
3b58d7324.jpg,1
6c1bc5d11.jpg,1
416b3a2a5.jpg,1
39b6f2376.jpg,1
b3b1e1046.jpg,1
1f7b64701.jpg,1
08a8ed239.jpg,1
6395f8bf1.jpg,1
a732b1b72.jpg,1
89087f994.jpg,1
8d1cd3b88.jpg,1
b19fbab56.jpg,1
056e34021.jpg,1
6c9d6cc47.jpg,1
ed2d06ff7.jpg,1
a0de93374.jpg,1
b7fd1f63b.jpg,1
4c47ebc03.jpg,1
7749df027.jpg,1
f2a7da76d.jpg,1
dff8ecef4.jpg,1
4355ef39b.jpg,1
f65f02fdb.jpg,1
927be944d.jpg,1
ac7b3fdd1.jpg,1
aa14f39fd.jpg,1
23e5dd080.jpg,1
c83b606d1.jpg,1
f4dde5dac.jpg,1
b43ea2c01.jpg,1
1efdd626e.jpg,1
9c4ed4726.jpg,1
1a9c38991.jpg,1
a10fb7849.jpg,1
be1e1cb10.jpg,1
781542bfc.jpg,1
6caa89d4e.jpg,1
86aae8998.jpg,1
dec7344c8.jpg,1
ad64c0940.jpg,1
5b8ad534d.jpg,1
fc113cb7e.jpg,1
522e17d3e.jpg,1
b4b5c6a86.jpg,1
e75c7bbd9.jpg,1
460d229ec.jpg,1
1f117b19e.jpg,1
690afc09e.jpg,1
3beb63791.jpg,1
8eb422b05.jpg,1
0f1617841.jpg,1
284639f13.jpg,1
52cf9caf9.jpg,1
eef087050.jpg,1
9ab372c8c.jpg,1
63adb88f1.jpg,1
4f77c0179.jpg,1
c2759d94e.jpg,1
33e32bbf2.jpg,1
4029fea8e.jpg,1
de89591c4.jpg,1
5cf4adf72.jpg,1
2a9e93a87.jpg,1
be04fa57f.jpg,1
8fd88a0c1.jpg,1
c7b88e40a.jpg,1
dcebef38e.jpg,1
320557243.jpg,1
a56d4b7be.jpg,1
eb630c931.jpg,1
2de22f59f.jpg,1
deff23782.jpg,1
03da79fda.jpg,1
9c4e61003.jpg,1
17eeca349.jpg,1
19cf72d91.jpg,1
b45c67a1f.jpg,1
b657c7ed4.jpg,1
674be7ddd.jpg,1
b07380a2e.jpg,1
373ebde8b.jpg,1
da6fb7dc1.jpg,1
fcdeccead.jpg,1
e851fc03a.jpg,1
9236f984c.jpg,1
3221a0d79.jpg,1
c571c7c32.jpg,1
d1aaada08.jpg,1
5fa0b3200.jpg,1
02c4655ff.jpg,1
8cd9ca854.jpg,1
81c37d5f1.jpg,1
4e9055d9e.jpg,1
c67e243c8.jpg,1
a22639daa.jpg,1
d79e948c4.jpg,1
6e4a1d647.jpg,1
0c59df320.jpg,1
aff01777f.jpg,1
4216b133c.jpg,1
ab710a287.jpg,1
12471d0d5.jpg,1
189659389.jpg,1
73afc8798.jpg,1
ce8da6d72.jpg,1
060964105.jpg,2
a41ba727f.jpg,2
1d718ddb9.jpg,2
946525536.jpg,2
acd30bd6a.jpg,2
9b09b2a38.jpg,2
dc636ab48.jpg,2
3088a6a0d.jpg,2
e8b4ddc4d.jpg,2
9dc65bc1e.jpg,2
e56d5dfde.jpg,2
268446e17.jpg,2
503c4f93a.jpg,2
cef5ff47d.jpg,2
78c25510b.jpg,2
f1699acad.jpg,2
6966ed5f1.jpg,2
c720250a2.jpg,2
e59a4b5cb.jpg,2
a3148f47c.jpg,2
1ccb093e6.jpg,2
c7fe435c0.jpg,2
c34bf9bec.jpg,2
22a825813.jpg,2
c0eb3a086.jpg,2
7a31a3b5e.jpg,2
bee2f16b2.jpg,2
6a9ff4b0c.jpg,2
c75e6bd36.jpg,2
9eb76f829.jpg,2
17ac2163c.jpg,2
933675d91.jpg,2
38c25b61a.jpg,2
b6a257b28.jpg,2
71b3a6858.jpg,2
8b9c035ec.jpg,2
24e125a16.jpg,2
7ca2551c2.jpg,2
cd1f8d368.jpg,2
0405e7c54.jpg,2
d3ef4bac1.jpg,2
a44dd8116.jpg,2
332e21cbc.jpg,2
cdc267505.jpg,2
ebdc35de8.jpg,2
214465021.jpg,2
6d291e247.jpg,2
0b5018316.jpg,2
c83361e9d.jpg,2
33368929c.jpg,2
7579146ed.jpg,2
ccbeeb18a.jpg,2
05747b10b.jpg,2
74aedfa3c.jpg,2
dbac90dc5.jpg,2
0d4866e3c.jpg,2
b963c168c.jpg,2
9b57cbc21.jpg,2
0842fa725.jpg,2
c210d2e08.jpg,2
ba0e69f45.jpg,2
78b5bc846.jpg,2
f727d997a.jpg,2
bbc246c1b.jpg,2
6cb1e08e1.jpg,2
156a74a49.jpg,2
1c96b0bbc.jpg,2
e56f52c1e.jpg,2
90f4dd6e5.jpg,2
2b0d476d6.jpg,2
163ff3547.jpg,2
0b1e5a7a5.jpg,2
e6ac69712.jpg,2
b98aee209.jpg,2
2012a6d02.jpg,2
060c3159e.jpg,2
144fdd925.jpg,2
a75bb4c01.jpg,2
72bb7c7bc.jpg,2
18c14f720.jpg,2
751db247d.jpg,2
c98404d89.jpg,2
fbdc2daae.jpg,2
f30beded6.jpg,2
e2c4275d6.jpg,2
b34091037.jpg,2
2a7f8bab0.jpg,2
3fe32ff2f.jpg,2
aeb94b95f.jpg,2
9271c7e3d.jpg,2
f195eeda7.jpg,2
1df9eefe5.jpg,2
67a9dd552.jpg,2
0b4c8e681.jpg,2
3a7d9b5c1.jpg,2
648e67d1b.jpg,2
d75725fc3.jpg,2
6f96a0814.jpg,2
12274ea9c.jpg,2
1561eb657.jpg,2
9be9c98eb.jpg,2
b8a69919f.jpg,2
2959d7fb1.jpg,2
08193cfc8.jpg,2
42dd20db7.jpg,2
d01d3e444.jpg,2
a56df9123.jpg,2
53f2e3c44.jpg,2
fb2d75aea.jpg,2
e77d57652.jpg,2
ecd0a7a42.jpg,2
f3e1e7c47.jpg,2
74d1cd5e3.jpg,2
206c8bb0c.jpg,2
fe689cf0a.jpg,2
5238bc100.jpg,2
b9b3b12aa.jpg,2
28a3f7928.jpg,2
215edd511.jpg,2
e86b2f3e2.jpg,2
6fcd94e33.jpg,2
20bb27a04.jpg,2
0c6720401.jpg,2
4613d520c.jpg,2
b0271d280.jpg,2
6181b0a92.jpg,2
07c3d6d77.jpg,2
8cc65d1f7.jpg,2
6b53b62be.jpg,2
6b86a9593.jpg,2
7dcd46899.jpg,2
2789df930.jpg,2
f297f6838.jpg,2
6791c36e9.jpg,2
fcd374576.jpg,2
50ac457cb.jpg,2
4cca18753.jpg,2
2b01fd731.jpg,2
41f3899a5.jpg,2
8b6c404ac.jpg,2
efe5694bf.jpg,2
0ebdc1277.jpg,2
0e106d482.jpg,2
8ed6b8054.jpg,2
aec250881.jpg,2
026183d85.jpg,2
bb3421ee8.jpg,2
62bf70fee.jpg,2
447038bc8.jpg,2
3f536622f.jpg,2
1bed9264f.jpg,2
739a0aa20.jpg,2
605ed0050.jpg,2
f7b1dd93a.jpg,2
e9a938877.jpg,2
724dd91a0.jpg,2
f17e982f9.jpg,2
bf5e1ed13.jpg,2
7eb958c89.jpg,2
d67745c5b.jpg,2
f27cf9c58.jpg,2
30a6a340c.jpg,2
547c5635f.jpg,2
59e91f935.jpg,2
a8cd71412.jpg,2
9085aef37.jpg,2
23e4a530a.jpg,2
68cc04a14.jpg,2
18ba753ff.jpg,2
4e1d262fb.jpg,2
776ed4605.jpg,2
7f3181e44.jpg,2
a345caa40.jpg,2
a6c3abdb9.jpg,2
dc58fa33b.jpg,2
21ac40700.jpg,2
b448498eb.jpg,2
ce7b7ac0b.jpg,2
d0d818b7d.jpg,2
e4a7202d9.jpg,2
bc751c15d.jpg,2
ed9f593a2.jpg,2
d238605c1.jpg,2
463fe382b.jpg,2
44415ab00.jpg,2
6b8b5c4a5.jpg,2
068c6c4a9.jpg,2
5ca7fcc19.jpg,2
7a16f3a50.jpg,2
599251689.jpg,2
0ea00bf92.jpg,2
488922ac2.jpg,2
b3a8bd174.jpg,2
c199d741a.jpg,2
f9b337a42.jpg,2
f5d8b0c31.jpg,3
52122168a.jpg,3
22bd428e0.jpg,3
3b6d18d10.jpg,3
5ed98fbe2.jpg,3
01540cab1.jpg,3
40bd1a5f1.jpg,3
b881357b7.jpg,3
b8642bd0a.jpg,3
cdaceb274.jpg,3
14fb9778c.jpg,3
3740a6dd1.jpg,3
70b0fb0cd.jpg,3
c404df4f4.jpg,3
9c41af5a0.jpg,3
915b0078c.jpg,3
09d4ee8a5.jpg,3
86eddd938.jpg,3
93b2882fd.jpg,3
d94082fe6.jpg,3
757aa3828.jpg,3
f539d7bea.jpg,3
45b946123.jpg,3
dd175c50c.jpg,3
b7df222b1.jpg,3
646a4e69a.jpg,3
9d0b3a0f7.jpg,3
974f00b13.jpg,3
ad5a2ea44.jpg,3
07c917711.jpg,3
ec921fcc7.jpg,3
8ae110bc5.jpg,3
39b2dbb9b.jpg,3
ce34adc8c.jpg,3
42caf4e12.jpg,3
bd6298d4f.jpg,3
6846b82fa.jpg,3
5ff129eb1.jpg,3
77df0ea49.jpg,3
41ec6505f.jpg,3
642cfbe74.jpg,3
808e3f8b8.jpg,3
e58764ee5.jpg,3
adf68e54a.jpg,3
45ba100f4.jpg,3
dafaf1165.jpg,3
e07f3eb4b.jpg,3
3ff8946e0.jpg,3
c56e3ffcb.jpg,3
377ff90ad.jpg,3
19115aedb.jpg,3
a9f5f9806.jpg,3
44d46adc8.jpg,3
d65fc70b5.jpg,3
8ec6ccc3c.jpg,3
d25a11fdd.jpg,3
2e4da1fd1.jpg,3
6057916d4.jpg,3
7220aba6c.jpg,3
e83d27de8.jpg,3
b3bbd7121.jpg,3
a81d409c6.jpg,3
1bd394dd6.jpg,3
a5b23c751.jpg,3
ff27b4b1b.jpg,3
65f1d83fb.jpg,3
2d8e8e789.jpg,3
b895d1213.jpg,3
6d9559d13.jpg,3
0ef465b25.jpg,3
54bdb0ccf.jpg,3
1aedfd7ab.jpg,3
c89e96115.jpg,3
ddca3e643.jpg,3
484439824.jpg,3
977eee415.jpg,3
127504e0f.jpg,3
ac59becc1.jpg,3
be65d7bb7.jpg,3
de37ca856.jpg,3
7d1c4482e.jpg,3
28241874f.jpg,3
0bc3f8ce8.jpg,3
9eace863c.jpg,3
1639cc829.jpg,3
762c16cc9.jpg,3
c99ef85c9.jpg,3
16acf1ed9.jpg,3
edf12f5f1.jpg,3
c3d7412a0.jpg,3
5bcc61d96.jpg,3
632133372.jpg,3
bdc4fe767.jpg,3
d72037f3c.jpg,3
72cbdf3c1.jpg,3
875612422.jpg,3
ae2c96c4e.jpg,3
bfaf69bd5.jpg,3
3385f9e14.jpg,3
8a90952b4.jpg,3
c24f45fd3.jpg,3
afc26c2a0.jpg,3
5ba7d0f08.jpg,3
c51fb3d88.jpg,3
92fb94f69.jpg,3
ace59105f.jpg,3
43bb3a898.jpg,3
61bc906d9.jpg,3
25fc987a1.jpg,3
cf29a866a.jpg,3
014ebe543.jpg,3
11b37e4d7.jpg,3
88646d398.jpg,3
4e265c94c.jpg,3
1ad82d66a.jpg,3
23120f506.jpg,3
9edc849c6.jpg,3
fd2a53b9a.jpg,3
0ac9936af.jpg,3
474c5f34e.jpg,3
431234941.jpg,3
86f4141ce.jpg,3
64a5f8c80.jpg,3
034941f9d.jpg,3
2fe09e89a.jpg,3
84edf7afb.jpg,3
ed1e66f9c.jpg,3
400eedff4.jpg,3
bcb794eed.jpg,3
5cc47b140.jpg,3
575e5be94.jpg,3
5210ac609.jpg,3
6f998a931.jpg,3
7dfb9d916.jpg,3
69365fabd.jpg,3
46dd7fa76.jpg,3
2e2f5467c.jpg,3
6fd6355e3.jpg,3
dcc4ae98f.jpg,3
70dd2c2f8.jpg,3
c683195bf.jpg,3
afb3e0467.jpg,3
07b627cb9.jpg,3
9e130c0b6.jpg,3
7210ffc2d.jpg,3
943c5abcd.jpg,3
a4906327e.jpg,3
cf7dbc448.jpg,3
1caea18fc.jpg,3
8baffdc70.jpg,3
c5054fd93.jpg,3
6b4308d55.jpg,3
c4c5b8e2a.jpg,3
1e963d7f6.jpg,3
5c801ba0c.jpg,3
4b624bfdf.jpg,3
38698fd76.jpg,3
d1ed49385.jpg,3
8fbd70ddf.jpg,3
478ff6696.jpg,3
b379c8f14.jpg,3
a7d470272.jpg,3
0abfbfc69.jpg,3
b4fb938fd.jpg,3
712faf067.jpg,3
afd3f856d.jpg,3
cd634f053.jpg,3
59384b153.jpg,3
2467e2b6e.jpg,3
e831de714.jpg,3
fea3da755.jpg,3
b845ef149.jpg,3
10b6f12f1.jpg,3
2d8cef5f6.jpg,3
ebe0d614b.jpg,3
3aaaf3e64.jpg,3
e7b061629.jpg,3
7ec4cd778.jpg,3
278a21a00.jpg,3
8a993359d.jpg,3
a76b26d44.jpg,3
238d6df92.jpg,3
4ad6e9c90.jpg,3
3b42727ff.jpg,3
6753759e0.jpg,3
7abb5b1b7.jpg,3
53fa72f86.jpg,3
06eb2151d.jpg,3
dee68db68.jpg,3
1835aee23.jpg,3
8fddb859f.jpg,3
8d25eb2c7.jpg,3
048d14d3f.jpg,3
ce44910a4.jpg,3
dc3740c5c.jpg,3
e55bc715f.jpg,4
1a3cb1bfc.jpg,4
3860f3d39.jpg,4
474104794.jpg,4
81847fd11.jpg,4
2ede3bc01.jpg,4
479ec009a.jpg,4
bc0a90164.jpg,4
d3b2a00de.jpg,4
96ef8f053.jpg,4
8fe172794.jpg,4
db5dd1ed3.jpg,4
e013286ef.jpg,4
8f8104c9c.jpg,4
4c8168fcb.jpg,4
374d9c63f.jpg,4
09f1605ee.jpg,4
b9b07c892.jpg,4
54fc1f606.jpg,4
8e85eb81f.jpg,4
0030401a5.jpg,4
eefe5b710.jpg,4
ecb50399d.jpg,4
8de7a3873.jpg,4
badd96385.jpg,4
aeda5b216.jpg,4
7af34faaf.jpg,4
40466495a.jpg,4
242894fc4.jpg,4
4ab1aeab6.jpg,4
90246e919.jpg,4
3eec62abe.jpg,4
7e6fe6786.jpg,4
7095ad89d.jpg,4
52d0d8da4.jpg,4
ec10e45db.jpg,4
39960c9e9.jpg,4
459790d82.jpg,4
092614afe.jpg,4
2e8733afa.jpg,4
79c106c42.jpg,4
4ea0f4710.jpg,4
833433e81.jpg,4
677828765.jpg,4
c970d2407.jpg,4
cea2ea962.jpg,4
5757100f0.jpg,4
97047587f.jpg,4
190190a6f.jpg,4
d5d900def.jpg,4
5698f3507.jpg,4
764275950.jpg,4
3b35a1f8e.jpg,4
354bf035a.jpg,4
cd7d4933e.jpg,4
869055892.jpg,4
b1623b91f.jpg,4
3f0b1c635.jpg,4
86756300d.jpg,4
511570622.jpg,4
3e519e65d.jpg,4
5b5543800.jpg,4
d636cbd42.jpg,4
374493292.jpg,4
4e33d6324.jpg,4
40d766da8.jpg,4
fa6567637.jpg,4
24fdedc37.jpg,4
d7e693160.jpg,4
2560e7b91.jpg,4
93126606c.jpg,4
18ace9a9a.jpg,4
d77e9ff45.jpg,4
0e232ce72.jpg,4
d43c06a93.jpg,4
260e316eb.jpg,4
1422b7da0.jpg,4
f5c8f7766.jpg,4
f60b4d359.jpg,4
f07969848.jpg,4
9d2a467b0.jpg,4
052cc2a0f.jpg,4
40f56ca26.jpg,4
02d573611.jpg,4
54cdc22ca.jpg,4
cb53b96ce.jpg,4
889c66e18.jpg,4
51097aa45.jpg,4
75070e973.jpg,4
65b962305.jpg,4
29694dc5d.jpg,4
c27075976.jpg,4
69f4aebe6.jpg,4
b138e942e.jpg,4
910ad3edf.jpg,4
25f9a8622.jpg,4
7e18303fd.jpg,4
b1f5ce725.jpg,4
8d9b43515.jpg,4
dccd32def.jpg,4
ba4284649.jpg,4
a9e7b571e.jpg,4
bb65f4269.jpg,4
a9a5ac063.jpg,4
aab6434b3.jpg,4
d0b234faa.jpg,4
1c8802c08.jpg,4
b19603805.jpg,4
495d5828b.jpg,4
3d5066f6d.jpg,4
19e918673.jpg,4
1a382baf6.jpg,4
d2945fc9f.jpg,4
3932751f1.jpg,4
a763e8b83.jpg,4
bb1977eed.jpg,4
dd74ce9d1.jpg,4
f4495532f.jpg,4
d8a7f9cab.jpg,4
f8d0b85ef.jpg,4
cb9c3d622.jpg,4
cd23d4841.jpg,4
5d32d076f.jpg,4
b1e3c11ad.jpg,4
820a86bdd.jpg,4
83298d267.jpg,4
5af025ad7.jpg,4
baca6503a.jpg,4
b1e74e71d.jpg,4
9515afade.jpg,4
ca520c90f.jpg,4
2c8c3cb8a.jpg,4
bfaa6cae6.jpg,4
5335b8fd7.jpg,4
19d892dd9.jpg,4
cdf669a1f.jpg,4
41dedb89b.jpg,4
2ccef61c3.jpg,4
5d0b67f94.jpg,4
2749c24a9.jpg,4
629900275.jpg,4
79679dd6a.jpg,4
b954698ba.jpg,4
0e01b820c.jpg,4
a3c477831.jpg,4
5b1b444e3.jpg,4
c46065903.jpg,4
3964357cd.jpg,4
202838a14.jpg,4
3a9bcbdbf.jpg,4
b6a5c7a5b.jpg,4
132511b8b.jpg,4
38a1d7aab.jpg,4
61457b567.jpg,4
39b8cb37a.jpg,4
e2d7cf5a9.jpg,4
8648b2010.jpg,4
dfc895f18.jpg,4
ebb817ec9.jpg,4
308f2e562.jpg,4
5c7613c97.jpg,4
556c2967b.jpg,4
8364cd311.jpg,4
56011ad29.jpg,4
24b29d740.jpg,4
c3c091454.jpg,4
e42311f08.jpg,4
3fea4633e.jpg,4
3f3b0ba51.jpg,4
aa49482e5.jpg,4
b7b29537e.jpg,4
a154fdcfd.jpg,4
ad26af6e4.jpg,4
7740cc61d.jpg,4
36ee3149e.jpg,4
280dbbace.jpg,4
b26acc3a8.jpg,4
01afbfa7a.jpg,4
53ff38fe7.jpg,4
ddf1692c2.jpg,4
693f88388.jpg,4
ce7570214.jpg,4
bde2a33eb.jpg,4
0d4eae8de.jpg,4
dd2390317.jpg,4
71b1e90a5.jpg,4
24154161c.jpg,4
c7a4a7472.jpg,4
063fa1630.jpg,4
24ae96cd5.jpg,4
621c5bfe5.jpg,4
dc94faafc.jpg,4
0218c0fcc.jpg,4
cc7c66720.jpg,4
8d0ec9630.jpg,4
